{"MSE": 2198764.98919526, "RMS": 1482.8233169178518, "r2score": 0.8660832290728853}